<?xml version="1.0" encoding="UTF-8"?>
<project-private xmlns="http://www.netbeans.org/ns/project-private/1">
    <editor-bookmarks xmlns="http://www.netbeans.org/ns/editor-bookmarks/2" lastBookmarkId="0"/>
    <open-files xmlns="http://www.netbeans.org/ns/projectui-open-files/2">
        <group>
            <file>file:/C:/Users/Usuario/Documents/nbproject/Modelo/Modelo.php</file>
            <file>file:/C:/Users/Usuario/Documents/nbproject/index.php.html</file>
            <file>file:/C:/Users/Usuario/Documents/nbproject/Controlador/controlador.php</file>
            <file>file:/C:/Users/Usuario/Documents/nbproject/Vista/vista.php.html</file>
        </group>
    </open-files>
</project-private>
